type,name,id,timestamp,notes
INFO,Created on 2025-08-16 14:24:03,,,
MODEL,COPD,01K2RRSCN3A1GPTBHJZE3GZB7M,2025-08-16 14:24:06,
SCENARIO,COPD - Baseline Scenario,01K2RRSED736G26QZ5XX5TXN48,2025-08-16 14:24:06,
SCENARIO,Clinical Intervention - Oral Prednisolone,01K2RRSEXCHAYYWY9C8BMEFSQS,2025-08-16 14:24:07,
SCENARIO,COPD - Null Scenario,01K2RRSG2S03AVYMR6HXATH5BZ,2025-08-16 14:24:09,
SCENARIO,Clinical Intervention - Ipratropium Inhaler,01K2RRSKRKFQH1RHBA47FQNQRJ,2025-08-16 14:24:13,
SCENARIO,Appendix 3 - CR4 Scenario,01K2RRSN4NQZNN16KGMC0GCTYF,2025-08-16 14:24:14,
SCENARIO,Clinical Intervention - Inhaled Salbutamol,01K2RRSRMPW4J8NTWGWQ9G1FX7,2025-08-16 14:24:17,
SCENARIO,Appendix 3 - CR2 Scenario,01K2RRSTVTHZRAXPN92XF72MZA,2025-08-16 14:24:19,
